{"cameraMode":{"drawMode":0,"name":"Shaded","section":"Shading Mode"},"sceneLighting":false,"audioPlay":false,"sceneViewState":{"m_AlwaysRefresh":false,"showFog":true,"showSkybox":false,"showFlares":true,"showImageEffects":true,"showParticleSystems":true,"showVisualEffectGraphs":true,"m_FxEnabled":true},"in2DMode":false,"pivot":{"x":0.0031816959381103517,"y":0.11820702999830246,"z":-0.014813899993896485},"rotation":{"x":-0.3487181067466736,"y":0.09732716530561447,"z":-0.03640829399228096,"w":-0.9314947128295898},"size":0.7852720618247986,"orthographic":false}